'MUNICIPIO','NOMBRE','ESTADO'
1,'Aguascalientes','01'
2,'Asientos','01'
3,'Calvillo','01'
4,'Cosío','01'
5,'El Llano','01'
6,'Jesús María','01'
7,'Pabellón de Arteaga','01'
8,'Rincón de Romos','01'
9,'San Francisco de los Romo','01'
10,'San José de Gracia','01'
11,'Tepezalá','01'
12,'Ensenada','02'
13,'Mexicali','02'
14,'Playas de Rosarito','02'
15,'Tecate','02'
16,'Tijuana','02'
17,'Comondú','03'
18,'La Paz','03'
19,'Loreto','03'
20,'Los Cabos','03'
21,'Mulegé','03'
22,'Calakmul','04'
23,'Calkiní','04'
24,'Campeche','04'
25,'Candelaria','04'
26,'Carmen','04'
27,'Champotón','04'
28,'Escárcega','04'
29,'Hecelchakán','04'
30,'Hopelchén','04'
31,'Palizada','04'
32,'Tenabo','04'
33,'Abasolo','05'
34,'Acuña','05'
35,'Allende','05'
36,'Arteaga','05'
37,'Candela','05'
38,'Castaños','05'
39,'Cuatro Ciénegas','05'
40,'Escobedo','05'
41,'Francisco I. Madero','05'
42,'Frontera','05'
43,'General Cepeda','05'
44,'Guerrero','05'
45,'Hidalgo','05'
46,'Jiménez','05'
47,'Juárez','05'
48,'Lamadrid','05'
49,'Matamoros','05'
50,'Monclova','05'
51,'Morelos','05'
52,'Múzquiz','05'
53,'Nadadores','05'
54,'Nava','05'
55,'Ocampo','05'
56,'Parras','05'
57,'Piedras Negras','05'
58,'Progreso','05'
59,'Ramos Arizpe','05'
60,'Sabinas','05'
61,'Sacramento','05'
62,'Saltillo','05'
63,'San Buenaventura','05'
64,'San Juan de Sabinas','05'
65,'San Pedro','05'
66,'Sierra Mojada','05'
67,'Torreón','05'
68,'Viesca','05'
69,'Villa Unión','05'
70,'Zaragoza','05'
71,'Armería','06'
72,'Colima','06'
73,'Comala','06'
74,'Coquimatlán','06'
75,'Cuauhtémoc','06'
76,'Ixtlahuacán','06'
77,'Manzanillo','06'
78,'Minatitlán','06'
79,'Tecomán','06'
80,'Villa de Álvarez','06'
81,'Acacoyagua','07'
82,'Acala','07'
83,'Acapetahua','07'
84,'Aldama','07'
85,'Altamirano','07'
86,'Amatán','07'
87,'Amatenango de la Frontera','07'
88,'Amatenango del Valle','07'
89,'Angel Albino Corzo','07'
90,'Arriaga','07'
91,'Bejucal de Ocampo','07'
92,'Bella Vista','07'
93,'Benemérito de las Américas','07'
94,'Berriozábal','07'
95,'Bochil','07'
96,'Cacahoatán','07'
97,'Catazajá','07'
98,'Chalchihuitán','07'
99,'Chamula','07'
100,'Chanal','07'
101,'Chapultenango','07'
102,'Chenalhó','07'
103,'Chiapa de Corzo','07'
104,'Chiapilla','07'
105,'Chicoasén','07'
106,'Chicomuselo','07'
107,'Chilón','07'
108,'Cintalapa','07'
109,'Coapilla','07'
110,'Comitán de Domínguez','07'
111,'Copainalá','07'
112,'El Bosque','07'
113,'El Porvenir','07'
114,'Escuintla','07'
115,'Francisco León','07'
116,'Frontera Comalapa','07'
117,'Frontera Hidalgo','07'
118,'Huehuetán','07'
119,'Huitiupán','07'
120,'Huixtán','07'
121,'Huixtla','07'
122,'Ixhuatán','07'
123,'Ixtacomitán','07'
124,'Ixtapa','07'
125,'Ixtapangajoya','07'
126,'Jiquipilas','07'
127,'Jitotol','07'
128,'Juárez','07'
129,'La Concordia','07'
130,'La Grandeza','07'
131,'La Independencia','07'
132,'La Libertad','07'
133,'La Trinitaria','07'
134,'Larráinzar','07'
135,'Las Margaritas','07'
136,'Las Rosas','07'
137,'Mapastepec','07'
138,'Maravilla Tenejapa','07'
139,'Marqués de Comillas','07'
140,'Mazapa de Madero','07'
141,'Mazatán','07'
142,'Metapa','07'
143,'Mitontic','07'
144,'Montecristo de Guerrero','07'
145,'Motozintla','07'
146,'Nicolás Ruíz','07'
147,'Ocosingo','07'
148,'Ocotepec','07'
149,'Ocozocoautla de Espinosa','07'
150,'Ostuacán','07'
151,'Osumacinta','07'
152,'Oxchuc','07'
153,'Palenque','07'
154,'Pantelhó','07'
155,'Pantepec','07'
156,'Pichucalco','07'
157,'Pijijiapan','07'
158,'Pueblo Nuevo Solistahuacán','07'
159,'Rayón','07'
160,'Reforma','07'
161,'Sabanilla','07'
162,'Salto de Agua','07'
163,'San Andrés Duraznal','07'
164,'San Cristóbal de las Casas','07'
165,'San Fernando','07'
166,'San Juan Cancuc','07'
167,'San Lucas','07'
168,'Santiago el Pinar','07'
169,'Siltepec','07'
170,'Simojovel','07'
171,'Sitalá','07'
172,'Socoltenango','07'
173,'Solosuchiapa','07'
174,'Soyaló','07'
175,'Suchiapa','07'
176,'Suchiate','07'
177,'Sunuapa','07'
178,'Tapachula','07'
179,'Tapalapa','07'
180,'Tapilula','07'
181,'Tecpatán','07'
182,'Tenejapa','07'
183,'Teopisca','07'
184,'Tila','07'
185,'Tonalá','07'
186,'Totolapa','07'
187,'Tumbalá','07'
188,'Tuxtla Chico','07'
189,'Tuxtla Gutiérrez','07'
190,'Tuzantán','07'
191,'Tzimol','07'
192,'Unión Juárez','07'
193,'Venustiano Carranza','07'
194,'Villa Comaltitlán','07'
195,'Villa Corzo','07'
196,'Villaflores','07'
197,'Yajalón','07'
198,'Zinacantán','07'
199,'Ahumada','08'
200,'Aldama','08'
201,'Allende','08'
202,'Aquiles Serdán','08'
203,'Ascensión','08'
204,'Bachíniva','08'
205,'Balleza','08'
206,'Batopilas','08'
207,'Bocoyna','08'
208,'Buenaventura','08'
209,'Camargo','08'
210,'Carichí','08'
211,'Casas Grandes','08'
212,'Chihuahua','08'
213,'Chínipas','08'
214,'Coronado','08'
215,'Coyame del Sotol','08'
216,'Cuauhtémoc','08'
217,'Cusihuiriachi','08'
218,'Delicias','08'
219,'Dr. Belisario Domínguez','08'
220,'El Tule','08'
221,'Galeana','08'
222,'Gómez Farías','08'
223,'Gran Morelos','08'
224,'Guachochi','08'
225,'Guadalupe','08'
226,'Guadalupe y Calvo','08'
227,'Guazapares','08'
228,'Guerrero','08'
229,'Hidalgo del Parral','08'
230,'Huejotitán','08'
231,'Ignacio Zaragoza','08'
232,'Janos','08'
233,'Jiménez','08'
234,'Juárez','08'
235,'Julimes','08'
236,'La Cruz','08'
237,'López','08'
238,'Madera','08'
239,'Maguarichi','08'
240,'Manuel Benavides','08'
241,'Matachí','08'
242,'Matamoros','08'
243,'Meoqui','08'
244,'Morelos','08'
245,'Moris','08'
246,'Namiquipa','08'
247,'Nonoava','08'
248,'Nuevo Casas Grandes','08'
249,'Ocampo','08'
250,'Ojinaga','08'
251,'Praxedis G. Guerrero','08'
252,'Riva Palacio','08'
253,'Rosales','08'
254,'Rosario','08'
255,'San Francisco de Borja','08'
256,'San Francisco de Conchos','08'
257,'San Francisco del Oro','08'
258,'Santa Bárbara','08'
259,'Santa Isabel','08'
260,'Satevó','08'
261,'Saucillo','08'
262,'Temósachic','08'
263,'Urique','08'
264,'Uruachi','08'
265,'Valle de Zaragoza','08'
266,'Álvaro Obregón','09'
267,'Azcapotzalco','09'
268,'Benito Juárez','09'
269,'Coyoacán','09'
270,'Cuajimalpa de Morelos','09'
271,'Cuauhtémoc','09'
272,'Gustavo A. Madero','09'
273,'Iztacalco','09'
274,'Iztapalapa','09'
275,'La Magdalena Contreras','09'
276,'Miguel Hidalgo','09'
277,'Milpa Alta','09'
278,'Tláhuac','09'
279,'Tlalpan','09'
280,'Venustiano Carranza','09'
281,'Xochimilco','09'
282,'Canatlán','10'
283,'Canelas','10'
284,'Coneto de Comonfort','10'
285,'Cuencamé','10'
286,'Durango','10'
287,'El Oro','10'
288,'General Simón Bolívar','10'
289,'Gómez Palacio','10'
290,'Guadalupe Victoria','10'
291,'Guanaceví','10'
292,'Hidalgo','10'
293,'Indé','10'
294,'Lerdo','10'
295,'Mapimí','10'
296,'Mezquital','10'
297,'Nazas','10'
298,'Nombre de Dios','10'
299,'Nuevo Ideal','10'
300,'Ocampo','10'
301,'Otáez','10'
302,'Pánuco de Coronado','10'
303,'Peñón Blanco','10'
304,'Poanas','10'
305,'Pueblo Nuevo','10'
306,'Rodeo','10'
307,'San Bernardo','10'
308,'San Dimas','10'
309,'San Juan de Guadalupe','10'
310,'San Juan del Río','10'
311,'San Luis del Cordero','10'
312,'San Pedro del Gallo','10'
313,'Santa Clara','10'
314,'Santiago Papasquiaro','10'
315,'Súchil','10'
316,'Tamazula','10'
317,'Tepehuanes','10'
318,'Tlahualilo','10'
319,'Topia','10'
320,'Vicente Guerrero','10'
321,'Abasolo','11'
322,'Acámbaro','11'
323,'Apaseo el Alto','11'
324,'Apaseo el Grande','11'
325,'Atarjea','11'
326,'Celaya','11'
327,'Comonfort','11'
328,'Coroneo','11'
329,'Cortazar','11'
330,'Cuerámaro','11'
331,'Doctor Mora','11'
332,'Dolores Hidalgo Cuna de la Independencia Nacional','11'
333,'Guanajuato','11'
334,'Huanímaro','11'
335,'Irapuato','11'
336,'Jaral del Progreso','11'
337,'Jerécuaro','11'
338,'León','11'
339,'Manuel Doblado','11'
340,'Moroleón','11'
341,'Ocampo','11'
342,'Pénjamo','11'
343,'Pueblo Nuevo','11'
344,'Purísima del Rincón','11'
345,'Romita','11'
346,'Salamanca','11'
347,'Salvatierra','11'
348,'San Diego de la Unión','11'
349,'San Felipe','11'
350,'San Francisco del Rincón','11'
351,'San José Iturbide','11'
352,'San Luis de la Paz','11'
353,'San Miguel de Allende','11'
354,'Santa Catarina','11'
355,'Santa Cruz de Juventino Rosas','11'
356,'Santiago Maravatío','11'
357,'Silao de la Victoria','11'
358,'Tarandacuao','11'
359,'Tarimoro','11'
360,'Tierra Blanca','11'
361,'Uriangato','11'
362,'Valle de Santiago','11'
363,'Victoria','11'
364,'Villagrán','11'
365,'Xichú','11'
366,'Yuriria','11'
367,'Acapulco de Juárez','12'
368,'Acatepec','12'
369,'Ahuacuotzingo','12'
370,'Ajuchitlán del Progreso','12'
371,'Alcozauca de Guerrero','12'
372,'Alpoyeca','12'
373,'Apaxtla','12'
374,'Arcelia','12'
375,'Atenango del Río','12'
376,'Atlamajalcingo del Monte','12'
377,'Atlixtac','12'
378,'Atoyac de Álvarez','12'
379,'Ayutla de los Libres','12'
380,'Azoyú','12'
381,'Benito Juárez','12'
382,'Buenavista de Cuéllar','12'
383,'Chilapa de Álvarez','12'
384,'Chilpancingo de los Bravo','12'
385,'Coahuayutla de José María Izazaga','12'
386,'Cochoapa el Grande','12'
387,'Cocula','12'
388,'Copala','12'
389,'Copalillo','12'
390,'Copanatoyac','12'
391,'Coyuca de Benítez','12'
392,'Coyuca de Catalán','12'
393,'Cuajinicuilapa','12'
394,'Cualác','12'
395,'Cuautepec','12'
396,'Cuetzala del Progreso','12'
397,'Cutzamala de Pinzón','12'
398,'Eduardo Neri','12'
399,'Florencio Villarreal','12'
400,'General Canuto A. Neri','12'
401,'General Heliodoro Castillo','12'
402,'Huamuxtitlán','12'
403,'Huitzuco de los Figueroa','12'
404,'Iguala de la Independencia','12'
405,'Igualapa','12'
406,'Iliatenco','12'
407,'Ixcateopan de Cuauhtémoc','12'
408,'José Joaquín de Herrera','12'
409,'Juan R. Escudero','12'
410,'Juchitán','12'
411,'La Unión de Isidoro Montes de Oca','12'
412,'Leonardo Bravo','12'
413,'Malinaltepec','12'
414,'Marquelia','12'
415,'Mártir de Cuilapan','12'
416,'Metlatónoc','12'
417,'Mochitlán','12'
418,'Olinalá','12'
419,'Ometepec','12'
420,'Pedro Ascencio Alquisiras','12'
421,'Petatlán','12'
422,'Pilcaya','12'
423,'Pungarabato','12'
424,'Quechultenango','12'
425,'San Luis Acatlán','12'
426,'San Marcos','12'
427,'San Miguel Totolapan','12'
428,'Taxco de Alarcón','12'
429,'Tecoanapa','12'
430,'Técpan de Galeana','12'
431,'Teloloapan','12'
432,'Tepecoacuilco de Trujano','12'
433,'Tetipac','12'
434,'Tixtla de Guerrero','12'
435,'Tlacoachistlahuaca','12'
436,'Tlacoapa','12'
437,'Tlalchapa','12'
438,'Tlalixtaquilla de Maldonado','12'
439,'Tlapa de Comonfort','12'
440,'Tlapehuala','12'
441,'Xalpatláhuac','12'
442,'Xochihuehuetlán','12'
443,'Xochistlahuaca','12'
444,'Zapotitlán Tablas','12'
445,'Zihuatanejo de Azueta','12'
446,'Zirándaro','12'
447,'Zitlala','12'
448,'Acatlán','13'
449,'Acaxochitlán','13'
450,'Actopan','13'
451,'Agua Blanca de Iturbide','13'
452,'Ajacuba','13'
453,'Alfajayucan','13'
454,'Almoloya','13'
455,'Apan','13'
456,'Atitalaquia','13'
457,'Atlapexco','13'
458,'Atotonilco de Tula','13'
459,'Atotonilco el Grande','13'
460,'Calnali','13'
461,'Cardonal','13'
462,'Chapantongo','13'
463,'Chapulhuacán','13'
464,'Chilcuautla','13'
465,'Cuautepec de Hinojosa','13'
466,'El Arenal','13'
467,'Eloxochitlán','13'
468,'Emiliano Zapata','13'
469,'Epazoyucan','13'
470,'Francisco I. Madero','13'
471,'Huasca de Ocampo','13'
472,'Huautla','13'
473,'Huazalingo','13'
474,'Huehuetla','13'
475,'Huejutla de Reyes','13'
476,'Huichapan','13'
477,'Ixmiquilpan','13'
478,'Jacala de Ledezma','13'
479,'Jaltocán','13'
480,'Juárez Hidalgo','13'
481,'La Misión','13'
482,'Lolotla','13'
483,'Metepec','13'
484,'Metztitlán','13'
485,'Mineral de la Reforma','13'
486,'Mineral del Chico','13'
487,'Mineral del Monte','13'
488,'Mixquiahuala de Juárez','13'
489,'Molango de Escamilla','13'
490,'Nicolás Flores','13'
491,'Nopala de Villagrán','13'
492,'Omitlán de Juárez','13'
493,'Pachuca de Soto','13'
494,'Pacula','13'
495,'Pisaflores','13'
496,'Progreso de Obregón','13'
497,'San Agustín Metzquititlán','13'
498,'San Agustín Tlaxiaca','13'
499,'San Bartolo Tutotepec','13'
500,'San Felipe Orizatlán','13'
501,'San Salvador','13'
502,'Santiago de Anaya','13'
503,'Santiago Tulantepec de Lugo Guerrero','13'
504,'Singuilucan','13'
505,'Tasquillo','13'
506,'Tecozautla','13'
507,'Tenango de Doria','13'
508,'Tepeapulco','13'
509,'Tepehuacán de Guerrero','13'
510,'Tepeji del Río de Ocampo','13'
511,'Tepetitlán','13'
512,'Tetepango','13'
513,'Tezontepec de Aldama','13'
514,'Tianguistengo','13'
515,'Tizayuca','13'
516,'Tlahuelilpan','13'
517,'Tlahuiltepa','13'
518,'Tlanalapa','13'
519,'Tlanchinol','13'
520,'Tlaxcoapan','13'
521,'Tolcayuca','13'
522,'Tula de Allende','13'
523,'Tulancingo de Bravo','13'
524,'Villa de Tezontepec','13'
525,'Xochiatipan','13'
526,'Xochicoatlán','13'
527,'Yahualica','13'
528,'Zacualtipán de Ángeles','13'
529,'Zapotlán de Juárez','13'
530,'Zempoala','13'
531,'Zimapán','13'
532,'Acatic','14'
533,'Acatlán de Juárez','14'
534,'Ahualulco de Mercado','14'
535,'Amacueca','14'
536,'Amatitán','14'
537,'Ameca','14'
538,'Arandas','14'
539,'Atemajac de Brizuela','14'
540,'Atengo','14'
541,'Atenguillo','14'
542,'Atotonilco el Alto','14'
543,'Atoyac','14'
544,'Autlán de Navarro','14'
545,'Ayotlán','14'
546,'Ayutla','14'
547,'Bolaños','14'
548,'Cabo Corrientes','14'
549,'Cañadas de Obregón','14'
550,'Casimiro Castillo','14'
551,'Chapala','14'
552,'Chimaltitán','14'
553,'Chiquilistlán','14'
554,'Cihuatlán','14'
555,'Cocula','14'
556,'Colotlán','14'
557,'Concepción de Buenos Aires','14'
558,'Cuautitlán de García Barragán','14'
559,'Cuautla','14'
560,'Cuquío','14'
561,'Degollado','14'
562,'Ejutla','14'
563,'El Arenal','14'
564,'El Grullo','14'
565,'El Limón','14'
566,'El Salto','14'
567,'Encarnación de Díaz','14'
568,'Etzatlán','14'
569,'Gómez Farías','14'
570,'Guachinango','14'
571,'Guadalajara','14'
572,'Hostotipaquillo','14'
573,'Huejúcar','14'
574,'Huejuquilla el Alto','14'
575,'Ixtlahuacán de los Membrillos','14'
576,'Ixtlahuacán del Río','14'
577,'Jalostotitlán','14'
578,'Jamay','14'
579,'Jesús María','14'
580,'Jilotlán de los Dolores','14'
581,'Jocotepec','14'
582,'Juanacatlán','14'
583,'Juchitlán','14'
584,'La Barca','14'
585,'La Huerta','14'
586,'La Manzanilla de la Paz','14'
587,'Lagos de Moreno','14'
588,'Magdalena','14'
589,'Mascota','14'
590,'Mazamitla','14'
591,'Mexticacán','14'
592,'Mezquitic','14'
593,'Mixtlán','14'
594,'Ocotlán','14'
595,'Ojuelos de Jalisco','14'
596,'Pihuamo','14'
597,'Poncitlán','14'
598,'Puerto Vallarta','14'
599,'Quitupan','14'
600,'San Cristóbal de la Barranca','14'
601,'San Diego de Alejandría','14'
602,'San Gabriel','14'
603,'San Ignacio Cerro Gordo','14'
604,'San Juan de los Lagos','14'
605,'San Juanito de Escobedo','14'
606,'San Julián','14'
607,'San Marcos','14'
608,'San Martín de Bolaños','14'
609,'San Martín Hidalgo','14'
610,'San Miguel el Alto','14'
611,'San Pedro Tlaquepaque','14'
612,'San Sebastián del Oeste','14'
613,'Santa María de los Ángeles','14'
614,'Santa María del Oro','14'
615,'Sayula','14'
616,'Tala','14'
617,'Talpa de Allende','14'
618,'Tamazula de Gordiano','14'
619,'Tapalpa','14'
620,'Tecalitlán','14'
621,'Techaluta de Montenegro','14'
622,'Tecolotlán','14'
623,'Tenamaxtlán','14'
624,'Teocaltiche','14'
625,'Teocuitatlán de Corona','14'
626,'Tepatitlán de Morelos','14'
627,'Tequila','14'
628,'Teuchitlán','14'
629,'Tizapán el Alto','14'
630,'Tlajomulco de Zúñiga','14'
631,'Tolimán','14'
632,'Tomatlán','14'
633,'Tonalá','14'
634,'Tonaya','14'
635,'Tonila','14'
636,'Totatiche','14'
637,'Tototlán','14'
638,'Tuxcacuesco','14'
639,'Tuxcueca','14'
640,'Tuxpan','14'
641,'Unión de San Antonio','14'
642,'Unión de Tula','14'
643,'Valle de Guadalupe','14'
644,'Valle de Juárez','14'
645,'Villa Corona','14'
646,'Villa Guerrero','14'
647,'Villa Hidalgo','14'
648,'Villa Purificación','14'
649,'Yahualica de González Gallo','14'
650,'Zacoalco de Torres','14'
651,'Zapopan','14'
652,'Zapotiltic','14'
653,'Zapotitlán de Vadillo','14'
654,'Zapotlán del Rey','14'
655,'Zapotlán el Grande','14'
656,'Zapotlanejo','14'
657,'Acambay de Ruíz Castañeda','15'
658,'Acolman','15'
659,'Aculco','15'
660,'Almoloya de Alquisiras','15'
661,'Almoloya de Juárez','15'
662,'Almoloya del Río','15'
663,'Amanalco','15'
664,'Amatepec','15'
665,'Amecameca','15'
666,'Apaxco','15'
667,'Atenco','15'
668,'Atizapán','15'
669,'Atizapán de Zaragoza','15'
670,'Atlacomulco','15'
671,'Atlautla','15'
672,'Axapusco','15'
673,'Ayapango','15'
674,'Calimaya','15'
675,'Capulhuac','15'
676,'Chalco','15'
677,'Chapa de Mota','15'
678,'Chapultepec','15'
679,'Chiautla','15'
680,'Chicoloapan','15'
681,'Chiconcuac','15'
682,'Chimalhuacán','15'
683,'Coacalco de Berriozábal','15'
684,'Coatepec Harinas','15'
685,'Cocotitlán','15'
686,'Coyotepec','15'
687,'Cuautitlán','15'
688,'Cuautitlán Izcalli','15'
689,'Donato Guerra','15'
690,'Ecatepec de Morelos','15'
691,'Ecatzingo','15'
692,'El Oro','15'
693,'Huehuetoca','15'
694,'Hueypoxtla','15'
695,'Huixquilucan','15'
696,'Isidro Fabela','15'
697,'Ixtapaluca','15'
698,'Ixtapan de la Sal','15'
699,'Ixtapan del Oro','15'
700,'Ixtlahuaca','15'
701,'Jaltenco','15'
702,'Jilotepec','15'
703,'Jilotzingo','15'
704,'Jiquipilco','15'
705,'Jocotitlán','15'
706,'Joquicingo','15'
707,'Juchitepec','15'
708,'La Paz','15'
709,'Lerma','15'
710,'Luvianos','15'
711,'Malinalco','15'
712,'Melchor Ocampo','15'
713,'Metepec','15'
714,'Mexicaltzingo','15'
715,'Morelos','15'
716,'Naucalpan de Juárez','15'
717,'Nextlalpan','15'
718,'Nezahualcóyotl','15'
719,'Nicolás Romero','15'
720,'Nopaltepec','15'
721,'Ocoyoacac','15'
722,'Ocuilan','15'
723,'Otumba','15'
724,'Otzoloapan','15'
725,'Otzolotepec','15'
726,'Ozumba','15'
727,'Papalotla','15'
728,'Polotitlán','15'
729,'Rayón','15'
730,'San Antonio la Isla','15'
731,'San Felipe del Progreso','15'
732,'San José del Rincón','15'
733,'San Martín de las Pirámides','15'
734,'San Mateo Atenco','15'
735,'San Simón de Guerrero','15'
736,'Santo Tomás','15'
737,'Soyaniquilpan de Juárez','15'
738,'Sultepec','15'
739,'Tecámac','15'
740,'Tejupilco','15'
741,'Temamatla','15'
742,'Temascalapa','15'
743,'Temascalcingo','15'
744,'Temascaltepec','15'
745,'Temoaya','15'
746,'Tenancingo','15'
747,'Tenango del Aire','15'
748,'Tenango del Valle','15'
749,'Teoloyucan','15'
750,'Teotihuacán','15'
751,'Tepetlaoxtoc','15'
752,'Tepetlixpa','15'
753,'Tepotzotlán','15'
754,'Tequixquiac','15'
755,'Texcaltitlán','15'
756,'Texcalyacac','15'
757,'Texcoco','15'
758,'Tezoyuca','15'
759,'Tianguistenco','15'
760,'Timilpan','15'
761,'Tlalmanalco','15'
762,'Tlalnepantla de Baz','15'
763,'Tlatlaya','15'
764,'Toluca','15'
765,'Tonanitla','15'
766,'Tonatico','15'
767,'Tultepec','15'
768,'Tultitlán','15'
769,'Valle de Bravo','15'
770,'Valle de Chalco Solidaridad','15'
771,'Villa de Allende','15'
772,'Villa del Carbón','15'
773,'Villa Guerrero','15'
774,'Villa Victoria','15'
775,'Xalatlaco','15'
776,'Xonacatlán','15'
777,'Zacazonapan','15'
778,'Zacualpan','15'
779,'Zinacantepec','15'
780,'Zumpahuacán','15'
781,'Zumpango','15'
782,'Acuitzio','16'
783,'Aguililla','16'
784,'Álvaro Obregón','16'
785,'Angamacutiro','16'
786,'Angangueo','16'
787,'Apatzingán','16'
788,'Aporo','16'
789,'Aquila','16'
790,'Ario','16'
791,'Arteaga','16'
792,'Briseñas','16'
793,'Buenavista','16'
794,'Carácuaro','16'
795,'Charapan','16'
796,'Charo','16'
797,'Chavinda','16'
798,'Cherán','16'
799,'Chilchota','16'
800,'Chinicuila','16'
801,'Chucándiro','16'
802,'Churintzio','16'
803,'Churumuco','16'
804,'Coahuayana','16'
805,'Coalcomán de Vázquez Pallares','16'
806,'Coeneo','16'
807,'Cojumatlán de Régules','16'
808,'Contepec','16'
809,'Copándaro','16'
810,'Cotija','16'
811,'Cuitzeo','16'
812,'Ecuandureo','16'
813,'Epitacio Huerta','16'
814,'Erongarícuaro','16'
815,'Gabriel Zamora','16'
816,'Hidalgo','16'
817,'Huandacareo','16'
818,'Huaniqueo','16'
819,'Huetamo','16'
820,'Huiramba','16'
821,'Indaparapeo','16'
822,'Irimbo','16'
823,'Ixtlán','16'
824,'Jacona','16'
825,'Jiménez','16'
826,'Jiquilpan','16'
827,'José Sixto Verduzco','16'
828,'Juárez','16'
829,'Jungapeo','16'
830,'La Huacana','16'
831,'La Piedad','16'
832,'Lagunillas','16'
833,'Lázaro Cárdenas','16'
834,'Los Reyes','16'
835,'Madero','16'
836,'Maravatío','16'
837,'Marcos Castellanos','16'
838,'Morelia','16'
839,'Morelos','16'
840,'Múgica','16'
841,'Nahuatzen','16'
842,'Nocupétaro','16'
843,'Nuevo Parangaricutiro','16'
844,'Nuevo Urecho','16'
845,'Numarán','16'
846,'Ocampo','16'
847,'Pajacuarán','16'
848,'Panindícuaro','16'
849,'Paracho','16'
850,'Parácuaro','16'
851,'Pátzcuaro','16'
852,'Penjamillo','16'
853,'Peribán','16'
854,'Purépero','16'
855,'Puruándiro','16'
856,'Queréndaro','16'
857,'Quiroga','16'
858,'Sahuayo','16'
859,'Salvador Escalante','16'
860,'San Lucas','16'
861,'Santa Ana Maya','16'
862,'Senguio','16'
863,'Susupuato','16'
864,'Tacámbaro','16'
865,'Tancítaro','16'
866,'Tangamandapio','16'
867,'Tangancícuaro','16'
868,'Tanhuato','16'
869,'Taretan','16'
870,'Tarímbaro','16'
871,'Tepalcatepec','16'
872,'TingÃ¼indín','16'
873,'Tingambato','16'
874,'Tingüindín','16'
875,'Tiquicheo de Nicolás Romero','16'
876,'Tlalpujahua','16'
877,'Tlazazalca','16'
878,'Tocumbo','16'
879,'Tumbiscatío','16'
880,'Turicato','16'
881,'Tuxpan','16'
882,'Tuzantla','16'
883,'Tzintzuntzan','16'
884,'Tzitzio','16'
885,'Uruapan','16'
886,'Venustiano Carranza','16'
887,'Villamar','16'
888,'Vista Hermosa','16'
889,'Yurécuaro','16'
890,'Zacapu','16'
891,'Zamora','16'
892,'Zináparo','16'
893,'Zinapécuaro','16'
894,'Ziracuaretiro','16'
895,'Zitácuaro','16'
896,'Amacuzac','17'
897,'Atlatlahucan','17'
898,'Axochiapan','17'
899,'Ayala','17'
900,'Coatlán del Río','17'
901,'Cuautla','17'
902,'Cuernavaca','17'
903,'Emiliano Zapata','17'
904,'Huitzilac','17'
905,'Jantetelco','17'
906,'Jiutepec','17'
907,'Jojutla','17'
908,'Jonacatepec','17'
909,'Mazatepec','17'
910,'Miacatlán','17'
911,'Ocuituco','17'
912,'Puente de Ixtla','17'
913,'Temixco','17'
914,'Temoac','17'
915,'Tepalcingo','17'
916,'Tepoztlán','17'
917,'Tetecala','17'
918,'Tetela del Volcán','17'
919,'Tlalnepantla','17'
920,'Tlaltizapán de Zapata','17'
921,'Tlaquiltenango','17'
922,'Tlayacapan','17'
923,'Totolapan','17'
924,'Xochitepec','17'
925,'Yautepec','17'
926,'Yecapixtla','17'
927,'Zacatepec','17'
928,'Zacualpan de Amilpas','17'
929,'Acaponeta','18'
930,'Ahuacatlán','18'
931,'Amatlán de Cañas','18'
932,'Bahía de Banderas','18'
933,'Compostela','18'
934,'Del Nayar','18'
935,'Huajicori','18'
936,'Ixtlán del Río','18'
937,'Jala','18'
938,'La Yesca','18'
939,'Rosamorada','18'
940,'Ruíz','18'
941,'San Blas','18'
942,'San Pedro Lagunillas','18'
943,'Santa María del Oro','18'
944,'Santiago Ixcuintla','18'
945,'Tecuala','18'
946,'Tepic','18'
947,'Tuxpan','18'
948,'Xalisco','18'
949,'Abasolo','19'
950,'Agualeguas','19'
951,'Allende','19'
952,'Anáhuac','19'
953,'Apodaca','19'
954,'Aramberri','19'
955,'Bustamante','19'
956,'Cadereyta Jiménez','19'
957,'Cerralvo','19'
958,'China','19'
959,'Ciénega de Flores','19'
960,'Doctor Arroyo','19'
961,'Doctor Coss','19'
962,'Doctor González','19'
963,'El Carmen','19'
964,'Galeana','19'
965,'García','19'
966,'General Bravo','19'
967,'General Escobedo','19'
968,'General Terán','19'
969,'General Treviño','19'
970,'General Zaragoza','19'
971,'General Zuazua','19'
972,'Guadalupe','19'
973,'Hidalgo','19'
974,'Higueras','19'
975,'Hualahuises','19'
976,'Iturbide','19'
977,'Juárez','19'
978,'Lampazos de Naranjo','19'
979,'Linares','19'
980,'Los Aldamas','19'
981,'Los Herreras','19'
982,'Los Ramones','19'
983,'Marín','19'
984,'Melchor Ocampo','19'
985,'Mier y Noriega','19'
986,'Mina','19'
987,'Montemorelos','19'
988,'Monterrey','19'
989,'Parás','19'
990,'Pesquería','19'
991,'Rayones','19'
992,'Sabinas Hidalgo','19'
993,'Salinas Victoria','19'
994,'San Nicolás de los Garza','19'
995,'San Pedro Garza García','19'
996,'Santa Catarina','19'
997,'Santiago','19'
998,'Vallecillo','19'
999,'Villaldama','19'
1000,'Abejones','20'
1001,'Acatlán de Pérez Figueroa','20'
1002,'Ánimas Trujano','20'
1003,'Asunción Cacalotepec','20'
1004,'Asunción Cuyotepeji','20'
1005,'Asunción Ixtaltepec','20'
1006,'Asunción Nochixtlán','20'
1007,'Asunción Ocotlán','20'
1008,'Asunción Tlacolulita','20'
1009,'Ayoquezco de Aldama','20'
1010,'Ayotzintepec','20'
1011,'Calihualá','20'
1012,'Candelaria Loxicha','20'
1013,'Capulálpam de Méndez','20'
1014,'Chahuites','20'
1015,'Chalcatongo de Hidalgo','20'
1016,'Chiquihuitlán de Benito Juárez','20'
1017,'Ciénega de Zimatlán','20'
1018,'Ciudad Ixtepec','20'
1019,'Coatecas Altas','20'
1020,'Coicoyán de las Flores','20'
1021,'Concepción Buenavista','20'
1022,'Concepción Pápalo','20'
1023,'Constancia del Rosario','20'
1024,'Cosolapa','20'
1025,'Cosoltepec','20'
1026,'Cuilápam de Guerrero','20'
1027,'Cuyamecalco Villa de Zaragoza','20'
1028,'El Barrio de la Soledad','20'
1029,'El Espinal','20'
1030,'Eloxochitlán de Flores Magón','20'
1031,'Fresnillo de Trujano','20'
1032,'Guadalupe de Ramírez','20'
1033,'Guadalupe Etla','20'
1034,'Guelatao de Juárez','20'
1035,'Guevea de Humboldt','20'
1036,'Heroica Ciudad de Ejutla de Crespo','20'
1037,'Heroica Ciudad de Huajuapan de León','20'
1038,'Heroica Ciudad de Juchitán de Zaragoza','20'
1039,'Heroica Ciudad de Tlaxiaco','20'
1040,'Heroica Villa Tezoatlán de Segura y Luna. Cuna de la Independencia de Oaxaca','20'
1041,'Huautepec','20'
1042,'Huautla de Jiménez','20'
1043,'Ixpantepec Nieves','20'
1044,'Ixtlán de Juárez','20'
1045,'La Compañía','20'
1046,'La Pe','20'
1047,'La Reforma','20'
1048,'La Trinidad Vista Hermosa','20'
1049,'Loma Bonita','20'
1050,'Magdalena Apasco','20'
1051,'Magdalena Jaltepec','20'
1052,'Magdalena Mixtepec','20'
1053,'Magdalena Ocotlán','20'
1054,'Magdalena Peñasco','20'
1055,'Magdalena Teitipac','20'
1056,'Magdalena Tequisistlán','20'
1057,'Magdalena Tlacotepec','20'
1058,'Magdalena Yodocono de Porfirio Díaz','20'
1059,'Magdalena Zahuatlán','20'
1060,'Mariscala de Juárez','20'
1061,'Mártires de Tacubaya','20'
1062,'Matías Romero Avendaño','20'
1063,'Mazatlán Villa de Flores','20'
1064,'Mesones Hidalgo','20'
1065,'Miahuatlán de Porfirio Díaz','20'
1066,'Mixistlán de la Reforma','20'
1067,'Monjas','20'
1068,'Natividad','20'
1069,'Nazareno Etla','20'
1070,'Nejapa de Madero','20'
1071,'Nuevo Zoquiápam','20'
1072,'Oaxaca de Juárez','20'
1073,'Ocotlán de Morelos','20'
1074,'Pinotepa de Don Luis','20'
1075,'Pluma Hidalgo','20'
1076,'Putla Villa de Guerrero','20'
1077,'Reforma de Pineda','20'
1078,'Reyes Etla','20'
1079,'Rojas de Cuauhtémoc','20'
1080,'Salina Cruz','20'
1081,'San Agustín Amatengo','20'
1082,'San Agustín Atenango','20'
1083,'San Agustín Chayuco','20'
1084,'San Agustín de las Juntas','20'
1085,'San Agustín Etla','20'
1086,'San Agustín Loxicha','20'
1087,'San Agustín Tlacotepec','20'
1088,'San Agustín Yatareni','20'
1089,'San Andrés Cabecera Nueva','20'
1090,'San Andrés Dinicuiti','20'
1091,'San Andrés Huaxpaltepec','20'
1092,'San Andrés Huayápam','20'
1093,'San Andrés Ixtlahuaca','20'
1094,'San Andrés Lagunas','20'
1095,'San Andrés Nuxiño','20'
1096,'San Andrés Paxtlán','20'
1097,'San Andrés Sinaxtla','20'
1098,'San Andrés Solaga','20'
1099,'San Andrés Teotilálpam','20'
1100,'San Andrés Tepetlapa','20'
1101,'San Andrés Yaá','20'
1102,'San Andrés Zabache','20'
1103,'San Andrés Zautla','20'
1104,'San Antonino Castillo Velasco','20'
1105,'San Antonino el Alto','20'
1106,'San Antonino Monte Verde','20'
1107,'San Antonio Acutla','20'
1108,'San Antonio de la Cal','20'
1109,'San Antonio Huitepec','20'
1110,'San Antonio Nanahuatípam','20'
1111,'San Antonio Sinicahua','20'
1112,'San Antonio Tepetlapa','20'
1113,'San Baltazar Chichicápam','20'
1114,'San Baltazar Loxicha','20'
1115,'San Baltazar Yatzachi el Bajo','20'
1116,'San Bartolo Coyotepec','20'
1117,'San Bartolo Soyaltepec','20'
1118,'San Bartolo Yautepec','20'
1119,'San Bartolomé Ayautla','20'
1120,'San Bartolomé Loxicha','20'
1121,'San Bartolomé Quialana','20'
1122,'San Bartolomé Yucuañe','20'
1123,'San Bartolomé Zoogocho','20'
1124,'San Bernardo Mixtepec','20'
1125,'San Blas Atempa','20'
1126,'San Carlos Yautepec','20'
1127,'San Cristóbal Amatlán','20'
1128,'San Cristóbal Amoltepec','20'
1129,'San Cristóbal Lachirioag','20'
1130,'San Cristóbal Suchixtlahuaca','20'
1131,'San Dionisio del Mar','20'
1132,'San Dionisio Ocotepec','20'
1133,'San Dionisio Ocotlán','20'
1134,'San Esteban Atatlahuca','20'
1135,'San Felipe Jalapa de Díaz','20'
1136,'San Felipe Tejalápam','20'
1137,'San Felipe Usila','20'
1138,'San Francisco Cahuacuá','20'
1139,'San Francisco Cajonos','20'
1140,'San Francisco Chapulapa','20'
1141,'San Francisco Chindúa','20'
1142,'San Francisco del Mar','20'
1143,'San Francisco Huehuetlán','20'
1144,'San Francisco Ixhuatán','20'
1145,'San Francisco Jaltepetongo','20'
1146,'San Francisco Lachigoló','20'
1147,'San Francisco Logueche','20'
1148,'San Francisco Nuxaño','20'
1149,'San Francisco Ozolotepec','20'
1150,'San Francisco Sola','20'
1151,'San Francisco Telixtlahuaca','20'
1152,'San Francisco Teopan','20'
1153,'San Francisco Tlapancingo','20'
1154,'San Gabriel Mixtepec','20'
1155,'San Ildefonso Amatlán','20'
1156,'San Ildefonso Sola','20'
1157,'San Ildefonso Villa Alta','20'
1158,'San Jacinto Amilpas','20'
1159,'San Jacinto Tlacotepec','20'
1160,'San Jerónimo Coatlán','20'
1161,'San Jerónimo Silacayoapilla','20'
1162,'San Jerónimo Sosola','20'
1163,'San Jerónimo Taviche','20'
1164,'San Jerónimo Tecóatl','20'
1165,'San Jerónimo Tlacochahuaya','20'
1166,'San Jorge Nuchita','20'
1167,'San José Ayuquila','20'
1168,'San José Chiltepec','20'
1169,'San José del Peñasco','20'
1170,'San José del Progreso','20'
1171,'San José Estancia Grande','20'
1172,'San José Independencia','20'
1173,'San José Lachiguiri','20'
1174,'San José Tenango','20'
1175,'San Juan Ã?umí','20'
1176,'San Juan Achiutla','20'
1177,'San Juan Atepec','20'
1178,'San Juan Bautista Atatlahuca','20'
1179,'San Juan Bautista Coixtlahuaca','20'
1180,'San Juan Bautista Cuicatlán','20'
1181,'San Juan Bautista Guelache','20'
1182,'San Juan Bautista Jayacatlán','20'
1183,'San Juan Bautista Lo de Soto','20'
1184,'San Juan Bautista Suchitepec','20'
1185,'San Juan Bautista Tlachichilco','20'
1186,'San Juan Bautista Tlacoatzintepec','20'
1187,'San Juan Bautista Tuxtepec','20'
1188,'San Juan Bautista Valle Nacional','20'
1189,'San Juan Cacahuatepec','20'
1190,'San Juan Chicomezúchil','20'
1191,'San Juan Chilateca','20'
1192,'San Juan Cieneguilla','20'
1193,'San Juan Coatzóspam','20'
1194,'San Juan Colorado','20'
1195,'San Juan Comaltepec','20'
1196,'San Juan Cotzocón','20'
1197,'San Juan de los Cués','20'
1198,'San Juan del Estado','20'
1199,'San Juan del Río','20'
1200,'San Juan Diuxi','20'
1201,'San Juan Evangelista Analco','20'
1202,'San Juan Guelavía','20'
1203,'San Juan Guichicovi','20'
1204,'San Juan Ihualtepec','20'
1205,'San Juan Juquila Mixes','20'
1206,'San Juan Juquila Vijanos','20'
1207,'San Juan Lachao','20'
1208,'San Juan Lachigalla','20'
1209,'San Juan Lajarcia','20'
1210,'San Juan Lalana','20'
1211,'San Juan Mazatlán','20'
1212,'San Juan Mixtepec','20'
1213,'San Juan Mixtepec','20'
1214,'San Juan Mixtepec -Dto. 08 -','20'
1215,'San Juan Mixtepec -Dto. 26 -','20'
1216,'San Juan Ñumí','20'
1217,'San Juan Ozolotepec','20'
1218,'San Juan Petlapa','20'
1219,'San Juan Quiahije','20'
1220,'San Juan Quiotepec','20'
1221,'San Juan Sayultepec','20'
1222,'San Juan Tabaá','20'
1223,'San Juan Tamazola','20'
1224,'San Juan Teita','20'
1225,'San Juan Teitipac','20'
1226,'San Juan Tepeuxila','20'
1227,'San Juan Teposcolula','20'
1228,'San Juan Yaeé','20'
1229,'San Juan Yatzona','20'
1230,'San Juan Yucuita','20'
1231,'San Lorenzo','20'
1232,'San Lorenzo Albarradas','20'
1233,'San Lorenzo Cacaotepec','20'
1234,'San Lorenzo Cuaunecuiltitla','20'
1235,'San Lorenzo Texmelúcan','20'
1236,'San Lorenzo Victoria','20'
1237,'San Lucas Camotlán','20'
1238,'San Lucas Ojitlán','20'
1239,'San Lucas Quiaviní','20'
1240,'San Lucas Zoquiápam','20'
1241,'San Luis Amatlán','20'
1242,'San Marcial Ozolotepec','20'
1243,'San Marcos Arteaga','20'
1244,'San Martín de los Cansecos','20'
1245,'San Martín Huamelúlpam','20'
1246,'San Martín Itunyoso','20'
1247,'San Martín Lachilá','20'
1248,'San Martín Peras','20'
1249,'San Martín Tilcajete','20'
1250,'San Martín Toxpalan','20'
1251,'San Martín Zacatepec','20'
1252,'San Mateo Cajonos','20'
1253,'San Mateo del Mar','20'
1254,'San Mateo Etlatongo','20'
1255,'San Mateo Nejápam','20'
1256,'San Mateo Peñasco','20'
1257,'San Mateo Piñas','20'
1258,'San Mateo Río Hondo','20'
1259,'San Mateo Sindihui','20'
1260,'San Mateo Tlapiltepec','20'
1261,'San Mateo Yoloxochitlán','20'
1262,'San Mateo Yucutindoo','20'
1263,'San Melchor Betaza','20'
1264,'San Miguel Achiutla','20'
1265,'San Miguel Ahuehuetitlán','20'
1266,'San Miguel Aloápam','20'
1267,'San Miguel Amatitlán','20'
1268,'San Miguel Amatlán','20'
1269,'San Miguel Chicahua','20'
1270,'San Miguel Chimalapa','20'
1271,'San Miguel Coatlán','20'
1272,'San Miguel del Puerto','20'
1273,'San Miguel del Río','20'
1274,'San Miguel Ejutla','20'
1275,'San Miguel el Grande','20'
1276,'San Miguel Huautla','20'
1277,'San Miguel Mixtepec','20'
1278,'San Miguel Panixtlahuaca','20'
1279,'San Miguel Peras','20'
1280,'San Miguel Piedras','20'
1281,'San Miguel Quetzaltepec','20'
1282,'San Miguel Santa Flor','20'
1283,'San Miguel Soyaltepec','20'
1284,'San Miguel Suchixtepec','20'
1285,'San Miguel Tecomatlán','20'
1286,'San Miguel Tenango','20'
1287,'San Miguel Tequixtepec','20'
1288,'San Miguel Tilquiápam','20'
1289,'San Miguel Tlacamama','20'
1290,'San Miguel Tlacotepec','20'
1291,'San Miguel Tulancingo','20'
1292,'San Miguel Yotao','20'
1293,'San Nicolás','20'
1294,'San Nicolás Hidalgo','20'
1295,'San Pablo Coatlán','20'
1296,'San Pablo Cuatro Venados','20'
1297,'San Pablo Etla','20'
1298,'San Pablo Huitzo','20'
1299,'San Pablo Huixtepec','20'
1300,'San Pablo Macuiltianguis','20'
1301,'San Pablo Tijaltepec','20'
1302,'San Pablo Villa de Mitla','20'
1303,'San Pablo Yaganiza','20'
1304,'San Pedro Amuzgos','20'
1305,'San Pedro Apóstol','20'
1306,'San Pedro Atoyac','20'
1307,'San Pedro Cajonos','20'
1308,'San Pedro Comitancillo','20'
1309,'San Pedro Coxcaltepec Cántaros','20'
1310,'San Pedro el Alto','20'
1311,'San Pedro Huamelula','20'
1312,'San Pedro Huilotepec','20'
1313,'San Pedro Ixcatlán','20'
1314,'San Pedro Ixtlahuaca','20'
1315,'San Pedro Jaltepetongo','20'
1316,'San Pedro Jicayán','20'
1317,'San Pedro Jocotipac','20'
1318,'San Pedro Juchatengo','20'
1319,'San Pedro Mártir','20'
1320,'San Pedro Mártir Quiechapa','20'
1321,'San Pedro Mártir Yucuxaco','20'
1322,'San Pedro Mixtepec','20'
1323,'San Pedro Mixtepec','20'
1324,'San Pedro Mixtepec -Dto. 22 -','20'
1325,'San Pedro Mixtepec -Dto. 26 -','20'
1326,'San Pedro Molinos','20'
1327,'San Pedro Nopala','20'
1328,'San Pedro Ocopetatillo','20'
1329,'San Pedro Ocotepec','20'
1330,'San Pedro Pochutla','20'
1331,'San Pedro Quiatoni','20'
1332,'San Pedro Sochiápam','20'
1333,'San Pedro Tapanatepec','20'
1334,'San Pedro Taviche','20'
1335,'San Pedro Teozacoalco','20'
1336,'San Pedro Teutila','20'
1337,'San Pedro Tidaá','20'
1338,'San Pedro Topiltepec','20'
1339,'San Pedro Totolápam','20'
1340,'San Pedro y San Pablo Ayutla','20'
1341,'San Pedro y San Pablo Teposcolula','20'
1342,'San Pedro y San Pablo Tequixtepec','20'
1343,'San Pedro Yaneri','20'
1344,'San Pedro Yólox','20'
1345,'San Pedro Yucunama','20'
1346,'San Raymundo Jalpan','20'
1347,'San Sebastián Abasolo','20'
1348,'San Sebastián Coatlán','20'
1349,'San Sebastián Ixcapa','20'
1350,'San Sebastián Nicananduta','20'
1351,'San Sebastián Río Hondo','20'
1352,'San Sebastián Tecomaxtlahuaca','20'
1353,'San Sebastián Teitipac','20'
1354,'San Sebastián Tutla','20'
1355,'San Simón Almolongas','20'
1356,'San Simón Zahuatlán','20'
1357,'San Vicente Coatlán','20'
1358,'San Vicente Lachixío','20'
1359,'San Vicente Nuñú','20'
1360,'Santa Ana','20'
1361,'Santa Ana Ateixtlahuaca','20'
1362,'Santa Ana Cuauhtémoc','20'
1363,'Santa Ana del Valle','20'
1364,'Santa Ana Tavela','20'
1365,'Santa Ana Tlapacoyan','20'
1366,'Santa Ana Yareni','20'
1367,'Santa Ana Zegache','20'
1368,'Santa Catalina Quierí','20'
1369,'Santa Catarina Cuixtla','20'
1370,'Santa Catarina Ixtepeji','20'
1371,'Santa Catarina Juquila','20'
1372,'Santa Catarina Lachatao','20'
1373,'Santa Catarina Loxicha','20'
1374,'Santa Catarina Mechoacán','20'
1375,'Santa Catarina Minas','20'
1376,'Santa Catarina Quiané','20'
1377,'Santa Catarina Quioquitani','20'
1378,'Santa Catarina Tayata','20'
1379,'Santa Catarina Ticuá','20'
1380,'Santa Catarina Yosonotú','20'
1381,'Santa Catarina Zapoquila','20'
1382,'Santa Cruz Acatepec','20'
1383,'Santa Cruz Amilpas','20'
1384,'Santa Cruz de Bravo','20'
1385,'Santa Cruz Itundujia','20'
1386,'Santa Cruz Mixtepec','20'
1387,'Santa Cruz Nundaco','20'
1388,'Santa Cruz Papalutla','20'
1389,'Santa Cruz Tacache de Mina','20'
1390,'Santa Cruz Tacahua','20'
1391,'Santa Cruz Tayata','20'
1392,'Santa Cruz Xitla','20'
1393,'Santa Cruz Xoxocotlán','20'
1394,'Santa Cruz Zenzontepec','20'
1395,'Santa Gertrudis','20'
1396,'Santa Inés de Zaragoza','20'
1397,'Santa Inés del Monte','20'
1398,'Santa Inés Yatzeche','20'
1399,'Santa Lucía del Camino','20'
1400,'Santa Lucía Miahuatlán','20'
1401,'Santa Lucía Monteverde','20'
1402,'Santa Lucía Ocotlán','20'
1403,'Santa Magdalena Jicotlán','20'
1404,'Santa María Alotepec','20'
1405,'Santa María Apazco','20'
1406,'Santa María Atzompa','20'
1407,'Santa María Camotlán','20'
1408,'Santa María Chachoápam','20'
1409,'Santa María Chilchotla','20'
1410,'Santa María Chimalapa','20'
1411,'Santa María Colotepec','20'
1412,'Santa María Cortijo','20'
1413,'Santa María Coyotepec','20'
1414,'Santa María del Rosario','20'
1415,'Santa María del Tule','20'
1416,'Santa María Ecatepec','20'
1417,'Santa María Guelacé','20'
1418,'Santa María Guienagati','20'
1419,'Santa María Huatulco','20'
1420,'Santa María Huazolotitlán','20'
1421,'Santa María Ipalapa','20'
1422,'Santa María Ixcatlán','20'
1423,'Santa María Jacatepec','20'
1424,'Santa María Jalapa del Marqués','20'
1425,'Santa María Jaltianguis','20'
1426,'Santa María la Asunción','20'
1427,'Santa María Lachixío','20'
1428,'Santa María Mixtequilla','20'
1429,'Santa María Nativitas','20'
1430,'Santa María Nduayaco','20'
1431,'Santa María Ozolotepec','20'
1432,'Santa María Pápalo','20'
1433,'Santa María Peñoles','20'
1434,'Santa María Petapa','20'
1435,'Santa María Quiegolani','20'
1436,'Santa María Sola','20'
1437,'Santa María Tataltepec','20'
1438,'Santa María Tecomavaca','20'
1439,'Santa María Temaxcalapa','20'
1440,'Santa María Temaxcaltepec','20'
1441,'Santa María Teopoxco','20'
1442,'Santa María Tepantlali','20'
1443,'Santa María Texcatitlán','20'
1444,'Santa María Tlahuitoltepec','20'
1445,'Santa María Tlalixtac','20'
1446,'Santa María Tonameca','20'
1447,'Santa María Totolapilla','20'
1448,'Santa María Xadani','20'
1449,'Santa María Yalina','20'
1450,'Santa María Yavesía','20'
1451,'Santa María Yolotepec','20'
1452,'Santa María Yosoyúa','20'
1453,'Santa María Yucuhiti','20'
1454,'Santa María Zacatepec','20'
1455,'Santa María Zaniza','20'
1456,'Santa María Zoquitlán','20'
1457,'Santiago Amoltepec','20'
1458,'Santiago Apoala','20'
1459,'Santiago Apóstol','20'
1460,'Santiago Astata','20'
1461,'Santiago Atitlán','20'
1462,'Santiago Ayuquililla','20'
1463,'Santiago Cacaloxtepec','20'
1464,'Santiago Camotlán','20'
1465,'Santiago Chazumba','20'
1466,'Santiago Choápam','20'
1467,'Santiago Comaltepec','20'
1468,'Santiago del Río','20'
1469,'Santiago Huajolotitlán','20'
1470,'Santiago Huauclilla','20'
1471,'Santiago Ihuitlán Plumas','20'
1472,'Santiago Ixcuintepec','20'
1473,'Santiago Ixtayutla','20'
1474,'Santiago Jamiltepec','20'
1475,'Santiago Jocotepec','20'
1476,'Santiago Juxtlahuaca','20'
1477,'Santiago Lachiguiri','20'
1478,'Santiago Lalopa','20'
1479,'Santiago Laollaga','20'
1480,'Santiago Laxopa','20'
1481,'Santiago Llano Grande','20'
1482,'Santiago Matatlán','20'
1483,'Santiago Miltepec','20'
1484,'Santiago Minas','20'
1485,'Santiago Nacaltepec','20'
1486,'Santiago Nejapilla','20'
1487,'Santiago Niltepec','20'
1488,'Santiago Nundiche','20'
1489,'Santiago Nuyoó','20'
1490,'Santiago Pinotepa Nacional','20'
1491,'Santiago Suchilquitongo','20'
1492,'Santiago Tamazola','20'
1493,'Santiago Tapextla','20'
1494,'Santiago Tenango','20'
1495,'Santiago Tepetlapa','20'
1496,'Santiago Tetepec','20'
1497,'Santiago Texcalcingo','20'
1498,'Santiago Textitlán','20'
1499,'Santiago Tilantongo','20'
1500,'Santiago Tillo','20'
1501,'Santiago Tlazoyaltepec','20'
1502,'Santiago Xanica','20'
1503,'Santiago Xiacuí','20'
1504,'Santiago Yaitepec','20'
1505,'Santiago Yaveo','20'
1506,'Santiago Yolomécatl','20'
1507,'Santiago Yosondúa','20'
1508,'Santiago Yucuyachi','20'
1509,'Santiago Zacatepec','20'
1510,'Santiago Zoochila','20'
1511,'Santo Domingo Albarradas','20'
1512,'Santo Domingo Armenta','20'
1513,'Santo Domingo Chihuitán','20'
1514,'Santo Domingo de Morelos','20'
1515,'Santo Domingo Ingenio','20'
1516,'Santo Domingo Ixcatlán','20'
1517,'Santo Domingo Nuxaá','20'
1518,'Santo Domingo Ozolotepec','20'
1519,'Santo Domingo Petapa','20'
1520,'Santo Domingo Roayaga','20'
1521,'Santo Domingo Tehuantepec','20'
1522,'Santo Domingo Teojomulco','20'
1523,'Santo Domingo Tepuxtepec','20'
1524,'Santo Domingo Tlatayápam','20'
1525,'Santo Domingo Tomaltepec','20'
1526,'Santo Domingo Tonalá','20'
1527,'Santo Domingo Tonaltepec','20'
1528,'Santo Domingo Xagacía','20'
1529,'Santo Domingo Yanhuitlán','20'
1530,'Santo Domingo Yodohino','20'
1531,'Santo Domingo Zanatepec','20'
1532,'Santo Tomás Jalieza','20'
1533,'Santo Tomás Mazaltepec','20'
1534,'Santo Tomás Ocotepec','20'
1535,'Santo Tomás Tamazulapan','20'
1536,'Santos Reyes Nopala','20'
1537,'Santos Reyes Pápalo','20'
1538,'Santos Reyes Tepejillo','20'
1539,'Santos Reyes Yucuná','20'
1540,'Silacayoápam','20'
1541,'Sitio de Xitlapehua','20'
1542,'Soledad Etla','20'
1543,'Tamazulápam del Espíritu Santo','20'
1544,'Tanetze de Zaragoza','20'
1545,'Taniche','20'
1546,'Tataltepec de Valdés','20'
1547,'Teococuilco de Marcos Pérez','20'
1548,'Teotitlán de Flores Magón','20'
1549,'Teotitlán del Valle','20'
1550,'Teotongo','20'
1551,'Tepelmeme Villa de Morelos','20'
1552,'Tezoatlán de Segura y Luna','20'
1553,'Tlacolula de Matamoros','20'
1554,'Tlacotepec Plumas','20'
1555,'Tlalixtac de Cabrera','20'
1556,'Totontepec Villa de Morelos','20'
1557,'Trinidad Zaachila','20'
1558,'Unión Hidalgo','20'
1559,'Valerio Trujano','20'
1560,'Villa de Chilapa de Díaz','20'
1561,'Villa de Etla','20'
1562,'Villa de Tamazulápam del Progreso','20'
1563,'Villa de Tututepec de Melchor Ocampo','20'
1564,'Villa de Zaachila','20'
1565,'Villa Díaz Ordaz','20'
1566,'Villa Hidalgo','20'
1567,'Villa Sola de Vega','20'
1568,'Villa Talea de Castro','20'
1569,'Villa Tejúpam de la Unión','20'
1570,'Yaxe','20'
1571,'Yogana','20'
1572,'Yutanduchi de Guerrero','20'
1573,'Zapotitlán Lagunas','20'
1574,'Zapotitlán Palmas','20'
1575,'Zimatlán de Álvarez','20'
1576,'Acajete','21'
1577,'Acateno','21'
1578,'Acatlán','21'
1579,'Acatzingo','21'
1580,'Acteopan','21'
1581,'Ahuacatlán','21'
1582,'Ahuatlán','21'
1583,'Ahuazotepec','21'
1584,'Ahuehuetitla','21'
1585,'Ajalpan','21'
1586,'Albino Zertuche','21'
1587,'Aljojuca','21'
1588,'Altepexi','21'
1589,'Amixtlán','21'
1590,'Amozoc','21'
1591,'Aquixtla','21'
1592,'Atempan','21'
1593,'Atexcal','21'
1594,'Atlequizayan','21'
1595,'Atlixco','21'
1596,'Atoyatempan','21'
1597,'Atzala','21'
1598,'Atzitzihuacán','21'
1599,'Atzitzintla','21'
1600,'Axutla','21'
1601,'Ayotoxco de Guerrero','21'
1602,'Calpan','21'
1603,'Caltepec','21'
1604,'Camocuautla','21'
1605,'Cañada Morelos','21'
1606,'Caxhuacan','21'
1607,'Chalchicomula de Sesma','21'
1608,'Chapulco','21'
1609,'Chiautla','21'
1610,'Chiautzingo','21'
1611,'Chichiquila','21'
1612,'Chiconcuautla','21'
1613,'Chietla','21'
1614,'Chigmecatitlán','21'
1615,'Chignahuapan','21'
1616,'Chignautla','21'
1617,'Chila','21'
1618,'Chila de la Sal','21'
1619,'Chilchotla','21'
1620,'Chinantla','21'
1621,'Coatepec','21'
1622,'Coatzingo','21'
1623,'Cohetzala','21'
1624,'Cohuecan','21'
1625,'Coronango','21'
1626,'Coxcatlán','21'
1627,'Coyomeapan','21'
1628,'Coyotepec','21'
1629,'Cuapiaxtla de Madero','21'
1630,'Cuautempan','21'
1631,'Cuautinchán','21'
1632,'Cuautlancingo','21'
1633,'Cuayuca de Andrade','21'
1634,'Cuetzalan del Progreso','21'
1635,'Cuyoaco','21'
1636,'Domingo Arenas','21'
1637,'Eloxochitlán','21'
1638,'Epatlán','21'
1639,'Esperanza','21'
1640,'Francisco Z. Mena','21'
1641,'General Felipe Ángeles','21'
1642,'Guadalupe','21'
1643,'Guadalupe Victoria','21'
1644,'Hermenegildo Galeana','21'
1645,'Honey','21'
1646,'Huaquechula','21'
1647,'Huatlatlauca','21'
1648,'Huauchinango','21'
1649,'Huehuetla','21'
1650,'Huehuetlán el Chico','21'
1651,'Huehuetlán el Grande','21'
1652,'Huejotzingo','21'
1653,'Hueyapan','21'
1654,'Hueytamalco','21'
1655,'Hueytlalpan','21'
1656,'Huitzilan de Serdán','21'
1657,'Huitziltepec','21'
1658,'Ixcamilpa de Guerrero','21'
1659,'Ixcaquixtla','21'
1660,'Ixtacamaxtitlán','21'
1661,'Ixtepec','21'
1662,'Izúcar de Matamoros','21'
1663,'Jalpan','21'
1664,'Jolalpan','21'
1665,'Jonotla','21'
1666,'Jopala','21'
1667,'Juan C. Bonilla','21'
1668,'Juan Galindo','21'
1669,'Juan N. Méndez','21'
1670,'La Magdalena Tlatlauquitepec','21'
1671,'Lafragua','21'
1672,'Libres','21'
1673,'Los Reyes de Juárez','21'
1674,'Mazapiltepec de Juárez','21'
1675,'Mixtla','21'
1676,'Molcaxac','21'
1677,'Naupan','21'
1678,'Nauzontla','21'
1679,'Nealtican','21'
1680,'Nicolás Bravo','21'
1681,'Nopalucan','21'
1682,'Ocotepec','21'
1683,'Ocoyucan','21'
1684,'Olintla','21'
1685,'Oriental','21'
1686,'Pahuatlán','21'
1687,'Palmar de Bravo','21'
1688,'Pantepec','21'
1689,'Petlalcingo','21'
1690,'Piaxtla','21'
1691,'Puebla','21'
1692,'Quecholac','21'
1693,'Quimixtlán','21'
1694,'Rafael Lara Grajales','21'
1695,'San Andrés Cholula','21'
1696,'San Antonio Cañada','21'
1697,'San Diego la Mesa Tochimiltzingo','21'
1698,'San Felipe Teotlalcingo','21'
1699,'San Felipe Tepatlán','21'
1700,'San Gabriel Chilac','21'
1701,'San Gregorio Atzompa','21'
1702,'San Jerónimo Tecuanipan','21'
1703,'San Jerónimo Xayacatlán','21'
1704,'San José Chiapa','21'
1705,'San José Miahuatlán','21'
1706,'San Juan Atenco','21'
1707,'San Juan Atzompa','21'
1708,'San Martín Texmelucan','21'
1709,'San Martín Totoltepec','21'
1710,'San Matías Tlalancaleca','21'
1711,'San Miguel Ixitlán','21'
1712,'San Miguel Xoxtla','21'
1713,'San Nicolás Buenos Aires','21'
1714,'San Nicolás de los Ranchos','21'
1715,'San Pablo Anicano','21'
1716,'San Pedro Cholula','21'
1717,'San Pedro Yeloixtlahuaca','21'
1718,'San Salvador el Seco','21'
1719,'San Salvador el Verde','21'
1720,'San Salvador Huixcolotla','21'
1721,'San Sebastián Tlacotepec','21'
1722,'Santa Catarina Tlaltempan','21'
1723,'Santa Inés Ahuatempan','21'
1724,'Santa Isabel Cholula','21'
1725,'Santiago Miahuatlán','21'
1726,'Santo Tomás Hueyotlipan','21'
1727,'Soltepec','21'
1728,'Tecali de Herrera','21'
1729,'Tecamachalco','21'
1730,'Tecomatlán','21'
1731,'Tehuacán','21'
1732,'Tehuitzingo','21'
1733,'Tenampulco','21'
1734,'Teopantlán','21'
1735,'Teotlalco','21'
1736,'Tepanco de López','21'
1737,'Tepango de Rodríguez','21'
1738,'Tepatlaxco de Hidalgo','21'
1739,'Tepeaca','21'
1740,'Tepemaxalco','21'
1741,'Tepeojuma','21'
1742,'Tepetzintla','21'
1743,'Tepexco','21'
1744,'Tepexi de Rodríguez','21'
1745,'Tepeyahualco','21'
1746,'Tepeyahualco de Cuauhtémoc','21'
1747,'Tetela de Ocampo','21'
1748,'Teteles de Avila Castillo','21'
1749,'Teziutlán','21'
1750,'Tianguismanalco','21'
1751,'Tilapa','21'
1752,'Tlachichuca','21'
1753,'Tlacotepec de Benito Juárez','21'
1754,'Tlacuilotepec','21'
1755,'Tlahuapan','21'
1756,'Tlaltenango','21'
1757,'Tlanepantla','21'
1758,'Tlaola','21'
1759,'Tlapacoya','21'
1760,'Tlapanalá','21'
1761,'Tlatlauquitepec','21'
1762,'Tlaxco','21'
1763,'Tochimilco','21'
1764,'Tochtepec','21'
1765,'Totoltepec de Guerrero','21'
1766,'Tulcingo','21'
1767,'Tuzamapan de Galeana','21'
1768,'Tzicatlacoyan','21'
1769,'Venustiano Carranza','21'
1770,'Vicente Guerrero','21'
1771,'Xayacatlán de Bravo','21'
1772,'Xicotepec','21'
1773,'Xicotlán','21'
1774,'Xiutetelco','21'
1775,'Xochiapulco','21'
1776,'Xochiltepec','21'
1777,'Xochitlán de Vicente Suárez','21'
1778,'Xochitlán Todos Santos','21'
1779,'Yaonáhuac','21'
1780,'Yehualtepec','21'
1781,'Zacapala','21'
1782,'Zacapoaxtla','21'
1783,'Zacatlán','21'
1784,'Zapotitlán','21'
1785,'Zapotitlán de Méndez','21'
1786,'Zaragoza','21'
1787,'Zautla','21'
1788,'Zihuateutla','21'
1789,'Zinacatepec','21'
1790,'Zongozotla','21'
1791,'Zoquiapan','21'
1792,'Zoquitlán','21'
1793,'Amealco de Bonfil','22'
1794,'Arroyo Seco','22'
1795,'Cadereyta de Montes','22'
1796,'Colón','22'
1797,'Corregidora','22'
1798,'El Marqués','22'
1799,'Ezequiel Montes','22'
1800,'Huimilpan','22'
1801,'Jalpan de Serra','22'
1802,'Landa de Matamoros','22'
1803,'Pedro Escobedo','22'
1804,'Peñamiller','22'
1805,'Pinal de Amoles','22'
1806,'Querétaro','22'
1807,'San Joaquín','22'
1808,'San Juan del Río','22'
1809,'Tequisquiapan','22'
1810,'Tolimán','22'
1811,'Bacalar','23'
1812,'Benito Juárez','23'
1813,'Cozumel','23'
1814,'Felipe Carrillo Puerto','23'
1815,'Isla Mujeres','23'
1816,'José María Morelos','23'
1817,'Lázaro Cárdenas','23'
1818,'Othón P. Blanco','23'
1819,'Solidaridad','23'
1820,'Tulum','23'
1821,'Ahualulco','24'
1822,'Alaquines','24'
1823,'Aquismón','24'
1824,'Armadillo de los Infante','24'
1825,'Axtla de Terrazas','24'
1826,'Cárdenas','24'
1827,'Catorce','24'
1828,'Cedral','24'
1829,'Cerritos','24'
1830,'Cerro de San Pedro','24'
1831,'Charcas','24'
1832,'Ciudad del Maíz','24'
1833,'Ciudad Fernández','24'
1834,'Ciudad Valles','24'
1835,'Coxcatlán','24'
1836,'Ebano','24'
1837,'El Naranjo','24'
1838,'Guadalcázar','24'
1839,'Huehuetlán','24'
1840,'Lagunillas','24'
1841,'Matehuala','24'
1842,'Matlapa','24'
1843,'Mexquitic de Carmona','24'
1844,'Moctezuma','24'
1845,'Rayón','24'
1846,'Rioverde','24'
1847,'Salinas','24'
1848,'San Antonio','24'
1849,'San Ciro de Acosta','24'
1850,'San Luis Potosí','24'
1851,'San Martín Chalchicuautla','24'
1852,'San Nicolás Tolentino','24'
1853,'San Vicente Tancuayalab','24'
1854,'Santa Catarina','24'
1855,'Santa María del Río','24'
1856,'Santo Domingo','24'
1857,'Soledad de Graciano Sánchez','24'
1858,'Tamasopo','24'
1859,'Tamazunchale','24'
1860,'Tampacán','24'
1861,'Tampamolón Corona','24'
1862,'Tamuín','24'
1863,'Tancanhuitz','24'
1864,'Tanlajás','24'
1865,'Tanquián de Escobedo','24'
1866,'Tierra Nueva','24'
1867,'Vanegas','24'
1868,'Venado','24'
1869,'Villa de Arista','24'
1870,'Villa de Arriaga','24'
1871,'Villa de Guadalupe','24'
1872,'Villa de la Paz','24'
1873,'Villa de Ramos','24'
1874,'Villa de Reyes','24'
1875,'Villa Hidalgo','24'
1876,'Villa Juárez','24'
1877,'Xilitla','24'
1878,'Zaragoza','24'
1879,'Ahome','25'
1880,'Angostura','25'
1881,'Badiraguato','25'
1882,'Choix','25'
1883,'Concordia','25'
1884,'Cosalá','25'
1885,'Culiacán','25'
1886,'El Fuerte','25'
1887,'Elota','25'
1888,'Escuinapa','25'
1889,'Guasave','25'
1890,'Mazatlán','25'
1891,'Mocorito','25'
1892,'Navolato','25'
1893,'Rosario','25'
1894,'Salvador Alvarado','25'
1895,'San Ignacio','25'
1896,'Sinaloa','25'
1897,'Aconchi','26'
1898,'Agua Prieta','26'
1899,'Alamos','26'
1900,'Altar','26'
1901,'Arivechi','26'
1902,'Arizpe','26'
1903,'Atil','26'
1904,'Bacadéhuachi','26'
1905,'Bacanora','26'
1906,'Bacerac','26'
1907,'Bacoachi','26'
1908,'Bácum','26'
1909,'Banámichi','26'
1910,'Baviácora','26'
1911,'Bavispe','26'
1912,'Benito Juárez','26'
1913,'Benjamín Hill','26'
1914,'Caborca','26'
1915,'Cajeme','26'
1916,'Cananea','26'
1917,'Carbó','26'
1918,'Cucurpe','26'
1919,'Cumpas','26'
1920,'Divisaderos','26'
1921,'Empalme','26'
1922,'Etchojoa','26'
1923,'Fronteras','26'
1924,'General Plutarco Elías Calles','26'
1925,'Granados','26'
1926,'Guaymas','26'
1927,'Hermosillo','26'
1928,'Huachinera','26'
1929,'Huásabas','26'
1930,'Huatabampo','26'
1931,'Huépac','26'
1932,'Imuris','26'
1933,'La Colorada','26'
1934,'Magdalena','26'
1935,'Mazatán','26'
1936,'Moctezuma','26'
1937,'Naco','26'
1938,'Nácori Chico','26'
1939,'Nacozari de García','26'
1940,'Navojoa','26'
1941,'Nogales','26'
1942,'Onavas','26'
1943,'Opodepe','26'
1944,'Oquitoa','26'
1945,'Pitiquito','26'
1946,'Puerto Peñasco','26'
1947,'Quiriego','26'
1948,'Rayón','26'
1949,'Rosario','26'
1950,'Sahuaripa','26'
1951,'San Felipe de Jesús','26'
1952,'San Ignacio Río Muerto','26'
1953,'San Javier','26'
1954,'San Luis Río Colorado','26'
1955,'San Miguel de Horcasitas','26'
1956,'San Pedro de la Cueva','26'
1957,'Santa Ana','26'
1958,'Santa Cruz','26'
1959,'Sáric','26'
1960,'Soyopa','26'
1961,'Suaqui Grande','26'
1962,'Tepache','26'
1963,'Trincheras','26'
1964,'Tubutama','26'
1965,'Ures','26'
1966,'Villa Hidalgo','26'
1967,'Villa Pesqueira','26'
1968,'Yécora','26'
1969,'Balancán','27'
1970,'Cárdenas','27'
1971,'Centla','27'
1972,'Centro','27'
1973,'Comalcalco','27'
1974,'Cunduacán','27'
1975,'Emiliano Zapata','27'
1976,'Huimanguillo','27'
1977,'Jalapa','27'
1978,'Jalpa de Méndez','27'
1979,'Jonuta','27'
1980,'Macuspana','27'
1981,'Nacajuca','27'
1982,'Paraíso','27'
1983,'Tacotalpa','27'
1984,'Teapa','27'
1985,'Tenosique','27'
1986,'Abasolo','28'
1987,'Aldama','28'
1988,'Altamira','28'
1989,'Antiguo Morelos','28'
1990,'Burgos','28'
1991,'Bustamante','28'
1992,'Camargo','28'
1993,'Casas','28'
1994,'Ciudad Madero','28'
1995,'Cruillas','28'
1996,'El Mante','28'
1997,'GÃ¼émez','28'
1998,'Gómez Farías','28'
1999,'González','28'
2000,'Güémez','28'
2001,'Guerrero','28'
2002,'Gustavo Díaz Ordaz','28'
2003,'Hidalgo','28'
2004,'Jaumave','28'
2005,'Jiménez','28'
2006,'Llera','28'
2007,'Mainero','28'
2008,'Matamoros','28'
2009,'Méndez','28'
2010,'Mier','28'
2011,'Miguel Alemán','28'
2012,'Miquihuana','28'
2013,'Nuevo Laredo','28'
2014,'Nuevo Morelos','28'
2015,'Ocampo','28'
2016,'Padilla','28'
2017,'Palmillas','28'
2018,'Reynosa','28'
2019,'Río Bravo','28'
2020,'San Carlos','28'
2021,'San Fernando','28'
2022,'San Nicolás','28'
2023,'Soto la Marina','28'
2024,'Tampico','28'
2025,'Tula','28'
2026,'Valle Hermoso','28'
2027,'Victoria','28'
2028,'Villagrán','28'
2029,'Xicoténcatl','28'
2030,'Acuamanala de Miguel Hidalgo','29'
2031,'Amaxac de Guerrero','29'
2032,'Apetatitlán de Antonio Carvajal','29'
2033,'Apizaco','29'
2034,'Atlangatepec','29'
2035,'Atltzayanca','29'
2036,'Benito Juárez','29'
2037,'Calpulalpan','29'
2038,'Chiautempan','29'
2039,'Contla de Juan Cuamatzi','29'
2040,'Cuapiaxtla','29'
2041,'Cuaxomulco','29'
2042,'El Carmen Tequexquitla','29'
2043,'Emiliano Zapata','29'
2044,'Españita','29'
2045,'Huamantla','29'
2046,'Hueyotlipan','29'
2047,'Ixtacuixtla de Mariano Matamoros','29'
2048,'Ixtenco','29'
2049,'La Magdalena Tlaltelulco','29'
2050,'Lázaro Cárdenas','29'
2051,'Mazatecochco de José María Morelos','29'
2052,'Muñoz de Domingo Arenas','29'
2053,'Nanacamilpa de Mariano Arista','29'
2054,'Natívitas','29'
2055,'Panotla','29'
2056,'Papalotla de Xicohténcatl','29'
2057,'San Damián Texóloc','29'
2058,'San Francisco Tetlanohcan','29'
2059,'San Jerónimo Zacualpan','29'
2060,'San José Teacalco','29'
2061,'San Juan Huactzinco','29'
2062,'San Lorenzo Axocomanitla','29'
2063,'San Lucas Tecopilco','29'
2064,'San Pablo del Monte','29'
2065,'Sanctórum de Lázaro Cárdenas','29'
2066,'Santa Ana Nopalucan','29'
2067,'Santa Apolonia Teacalco','29'
2068,'Santa Catarina Ayometla','29'
2069,'Santa Cruz Quilehtla','29'
2070,'Santa Cruz Tlaxcala','29'
2071,'Santa Isabel Xiloxoxtla','29'
2072,'Tenancingo','29'
2073,'Teolocholco','29'
2074,'Tepetitla de Lardizábal','29'
2075,'Tepeyanco','29'
2076,'Terrenate','29'
2077,'Tetla de la Solidaridad','29'
2078,'Tetlatlahuca','29'
2079,'Tlaxcala','29'
2080,'Tlaxco','29'
2081,'Tocatlán','29'
2082,'Totolac','29'
2083,'Tzompantepec','29'
2084,'Xaloztoc','29'
2085,'Xaltocan','29'
2086,'Xicohtzinco','29'
2087,'Yauhquemehcan','29'
2088,'Zacatelco','29'
2089,'Ziltlaltépec de Trinidad Sánchez Santos','29'
2090,'Acajete','30'
2091,'Acatlán','30'
2092,'Acayucan','30'
2093,'Actopan','30'
2094,'Acula','30'
2095,'Acultzingo','30'
2096,'Agua Dulce','30'
2097,'Álamo Temapache','30'
2098,'Alpatláhuac','30'
2099,'Alto Lucero de Gutiérrez Barrios','30'
2100,'Altotonga','30'
2101,'Alvarado','30'
2102,'Amatitlán','30'
2103,'Amatlán de los Reyes','30'
2104,'Angel R. Cabada','30'
2105,'Apazapan','30'
2106,'Aquila','30'
2107,'Astacinga','30'
2108,'Atlahuilco','30'
2109,'Atoyac','30'
2110,'Atzacan','30'
2111,'Atzalan','30'
2112,'Ayahualulco','30'
2113,'Banderilla','30'
2114,'Benito Juárez','30'
2115,'Boca del Río','30'
2116,'Calcahualco','30'
2117,'Camarón de Tejeda','30'
2118,'Camerino Z. Mendoza','30'
2119,'Carlos A. Carrillo','30'
2120,'Carrillo Puerto','30'
2121,'Castillo de Teayo','30'
2122,'Catemaco','30'
2123,'Cazones de Herrera','30'
2124,'Cerro Azul','30'
2125,'Chacaltianguis','30'
2126,'Chalma','30'
2127,'Chiconamel','30'
2128,'Chiconquiaco','30'
2129,'Chicontepec','30'
2130,'Chinameca','30'
2131,'Chinampa de Gorostiza','30'
2132,'Chocamán','30'
2133,'Chontla','30'
2134,'Chumatlán','30'
2135,'Citlaltépetl','30'
2136,'Coacoatzintla','30'
2137,'Coahuitlán','30'
2138,'Coatepec','30'
2139,'Coatzacoalcos','30'
2140,'Coatzintla','30'
2141,'Coetzala','30'
2142,'Colipa','30'
2143,'Comapa','30'
2144,'Córdoba','30'
2145,'Cosamaloapan de Carpio','30'
2146,'Cosautlán de Carvajal','30'
2147,'Coscomatepec','30'
2148,'Cosoleacaque','30'
2149,'Cotaxtla','30'
2150,'Coxquihui','30'
2151,'Coyutla','30'
2152,'Cuichapa','30'
2153,'Cuitláhuac','30'
2154,'El Higo','30'
2155,'Emiliano Zapata','30'
2156,'Espinal','30'
2157,'Filomeno Mata','30'
2158,'Fortín','30'
2159,'Gutiérrez Zamora','30'
2160,'Hidalgotitlán','30'
2161,'Huatusco','30'
2162,'Huayacocotla','30'
2163,'Hueyapan de Ocampo','30'
2164,'Huiloapan de Cuauhtémoc','30'
2165,'Ignacio de la Llave','30'
2166,'Ilamatlán','30'
2167,'Isla','30'
2168,'Ixcatepec','30'
2169,'Ixhuacán de los Reyes','30'
2170,'Ixhuatlán de Madero','30'
2171,'Ixhuatlán del Café','30'
2172,'Ixhuatlán del Sureste','30'
2173,'Ixhuatlancillo','30'
2174,'Ixmatlahuacan','30'
2175,'Ixtaczoquitlán','30'
2176,'Jalacingo','30'
2177,'Jalcomulco','30'
2178,'Jáltipan','30'
2179,'Jamapa','30'
2180,'Jesús Carranza','30'
2181,'Jilotepec','30'
2182,'José Azueta','30'
2183,'Juan Rodríguez Clara','30'
2184,'Juchique de Ferrer','30'
2185,'La Antigua','30'
2186,'La Perla','30'
2187,'Landero y Coss','30'
2188,'Las Choapas','30'
2189,'Las Minas','30'
2190,'Las Vigas de Ramírez','30'
2191,'Lerdo de Tejada','30'
2192,'Los Reyes','30'
2193,'Magdalena','30'
2194,'Maltrata','30'
2195,'Manlio Fabio Altamirano','30'
2196,'Mariano Escobedo','30'
2197,'Martínez de la Torre','30'
2198,'Mecatlán','30'
2199,'Mecayapan','30'
2200,'Medellín','30'
2201,'Medellín de Bravo','30'
2202,'Miahuatlán','30'
2203,'Minatitlán','30'
2204,'Misantla','30'
2205,'Mixtla de Altamirano','30'
2206,'Moloacán','30'
2207,'Nanchital de Lázaro Cárdenas del Río','30'
2208,'Naolinco','30'
2209,'Naranjal','30'
2210,'Naranjos Amatlán','30'
2211,'Nautla','30'
2212,'Nogales','30'
2213,'Oluta','30'
2214,'Omealca','30'
2215,'Orizaba','30'
2216,'Otatitlán','30'
2217,'Oteapan','30'
2218,'Ozuluama de Mascareñas','30'
2219,'Pajapan','30'
2220,'Pánuco','30'
2221,'Papantla','30'
2222,'Paso de Ovejas','30'
2223,'Paso del Macho','30'
2224,'Perote','30'
2225,'Platón Sánchez','30'
2226,'Playa Vicente','30'
2227,'Poza Rica de Hidalgo','30'
2228,'Pueblo Viejo','30'
2229,'Puente Nacional','30'
2230,'Rafael Delgado','30'
2231,'Rafael Lucio','30'
2232,'Río Blanco','30'
2233,'Saltabarranca','30'
2234,'San Andrés Tenejapan','30'
2235,'San Andrés Tuxtla','30'
2236,'San Juan Evangelista','30'
2237,'San Rafael','30'
2238,'Santiago Sochiapan','30'
2239,'Santiago Tuxtla','30'
2240,'Sayula de Alemán','30'
2241,'Sochiapa','30'
2242,'Soconusco','30'
2243,'Soledad Atzompa','30'
2244,'Soledad de Doblado','30'
2245,'Soteapan','30'
2246,'Tamalín','30'
2247,'Tamiahua','30'
2248,'Tampico Alto','30'
2249,'Tancoco','30'
2250,'Tantima','30'
2251,'Tantoyuca','30'
2252,'Tatahuicapan de Juárez','30'
2253,'Tatatila','30'
2254,'Tecolutla','30'
2255,'Tehuipango','30'
2256,'Tempoal','30'
2257,'Tenampa','30'
2258,'Tenochtitlán','30'
2259,'Teocelo','30'
2260,'Tepatlaxco','30'
2261,'Tepetlán','30'
2262,'Tepetzintla','30'
2263,'Tequila','30'
2264,'Texcatepec','30'
2265,'Texhuacán','30'
2266,'Texistepec','30'
2267,'Tezonapa','30'
2268,'Tierra Blanca','30'
2269,'Tihuatlán','30'
2270,'Tlachichilco','30'
2271,'Tlacojalpan','30'
2272,'Tlacolulan','30'
2273,'Tlacotalpan','30'
2274,'Tlacotepec de Mejía','30'
2275,'Tlalixcoyan','30'
2276,'Tlalnelhuayocan','30'
2277,'Tlaltetela','30'
2278,'Tlapacoyan','30'
2279,'Tlaquilpa','30'
2280,'Tlilapan','30'
2281,'Tomatlán','30'
2282,'Tonayán','30'
2283,'Totutla','30'
2284,'Tres Valles','30'
2285,'Tuxpan','30'
2286,'Tuxtilla','30'
2287,'Ursulo Galván','30'
2288,'Uxpanapa','30'
2289,'Vega de Alatorre','30'
2290,'Veracruz','30'
2291,'Villa Aldama','30'
2292,'Xalapa','30'
2293,'Xico','30'
2294,'Xoxocotla','30'
2295,'Yanga','30'
2296,'Yecuatla','30'
2297,'Zacualpan','30'
2298,'Zaragoza','30'
2299,'Zentla','30'
2300,'Zongolica','30'
2301,'Zontecomatlán de López y Fuentes','30'
2302,'Zozocolco de Hidalgo','30'
2303,'Abalá','31'
2304,'Acanceh','31'
2305,'Akil','31'
2306,'Baca','31'
2307,'Bokobá','31'
2308,'Buctzotz','31'
2309,'Cacalchén','31'
2310,'Calotmul','31'
2311,'Cansahcab','31'
2312,'Cantamayec','31'
2313,'Celestún','31'
2314,'Cenotillo','31'
2315,'Chacsinkín','31'
2316,'Chankom','31'
2317,'Chapab','31'
2318,'Chemax','31'
2319,'Chichimilá','31'
2320,'Chicxulub Pueblo','31'
2321,'Chikindzonot','31'
2322,'Chocholá','31'
2323,'Chumayel','31'
2324,'Conkal','31'
2325,'Cuncunul','31'
2326,'Cuzamá','31'
2327,'Dzán','31'
2328,'Dzemul','31'
2329,'Dzidzantún','31'
2330,'Dzilam de Bravo','31'
2331,'Dzilam González','31'
2332,'Dzitás','31'
2333,'Dzoncauich','31'
2334,'Espita','31'
2335,'Halachó','31'
2336,'Hocabá','31'
2337,'Hoctún','31'
2338,'Homún','31'
2339,'Huhí','31'
2340,'Hunucmá','31'
2341,'Ixil','31'
2342,'Izamal','31'
2343,'Kanasín','31'
2344,'Kantunil','31'
2345,'Kaua','31'
2346,'Kinchil','31'
2347,'Kopomá','31'
2348,'Mama','31'
2349,'Maní','31'
2350,'Maxcanú','31'
2351,'Mayapán','31'
2352,'Mérida','31'
2353,'Mocochá','31'
2354,'Motul','31'
2355,'Muna','31'
2356,'Muxupip','31'
2357,'Opichén','31'
2358,'Oxkutzcab','31'
2359,'Panabá','31'
2360,'Peto','31'
2361,'Progreso','31'
2362,'Quintana Roo','31'
2363,'Río Lagartos','31'
2364,'Sacalum','31'
2365,'Samahil','31'
2366,'San Felipe','31'
2367,'Sanahcat','31'
2368,'Santa Elena','31'
2369,'Seyé','31'
2370,'Sinanché','31'
2371,'Sotuta','31'
2372,'Sucilá','31'
2373,'Sudzal','31'
2374,'Suma','31'
2375,'Tahdziú','31'
2376,'Tahmek','31'
2377,'Teabo','31'
2378,'Tecoh','31'
2379,'Tekal de Venegas','31'
2380,'Tekantó','31'
2381,'Tekax','31'
2382,'Tekit','31'
2383,'Tekom','31'
2384,'Telchac Pueblo','31'
2385,'Telchac Puerto','31'
2386,'Temax','31'
2387,'Temozón','31'
2388,'Tepakán','31'
2389,'Tetiz','31'
2390,'Teya','31'
2391,'Ticul','31'
2392,'Timucuy','31'
2393,'Tinum','31'
2394,'Tixcacalcupul','31'
2395,'Tixkokob','31'
2396,'Tixmehuac','31'
2397,'Tixpéhual','31'
2398,'Tizimín','31'
2399,'Tunkás','31'
2400,'Tzucacab','31'
2401,'Uayma','31'
2402,'Ucú','31'
2403,'Umán','31'
2404,'Valladolid','31'
2405,'Xocchel','31'
2406,'Yaxcabá','31'
2407,'Yaxkukul','31'
2408,'Yobaín','31'
2409,'Apozol','32'
2410,'Apulco','32'
2411,'Atolinga','32'
2412,'Benito Juárez','32'
2413,'Calera','32'
2414,'Cañitas de Felipe Pescador','32'
2415,'Chalchihuites','32'
2416,'Concepción del Oro','32'
2417,'Cuauhtémoc','32'
2418,'El Plateado de Joaquín Amaro','32'
2419,'El Salvador','32'
2420,'Fresnillo','32'
2421,'Genaro Codina','32'
2422,'General Enrique Estrada','32'
2423,'General Francisco R. Murguía','32'
2424,'General Pánfilo Natera','32'
2425,'Guadalupe','32'
2426,'Huanusco','32'
2427,'Jalpa','32'
2428,'Jerez','32'
2429,'Jiménez del Teul','32'
2430,'Juan Aldama','32'
2431,'Juchipila','32'
2432,'Loreto','32'
2433,'Luis Moya','32'
2434,'Mazapil','32'
2435,'Melchor Ocampo','32'
2436,'Mezquital del Oro','32'
2437,'Miguel Auza','32'
2438,'Momax','32'
2439,'Monte Escobedo','32'
2440,'Morelos','32'
2441,'Moyahua de Estrada','32'
2442,'Nochistlán de Mejía','32'
2443,'Noria de Ángeles','32'
2444,'Ojocaliente','32'
2445,'Pánuco','32'
2446,'Pinos','32'
2447,'Río Grande','32'
2448,'Sain Alto','32'
2449,'Santa María de la Paz','32'
2450,'Sombrerete','32'
2451,'Susticacán','32'
2452,'Tabasco','32'
2453,'Tepechitlán','32'
2454,'Tepetongo','32'
2455,'Teúl de González Ortega','32'
2456,'Tlaltenango de Sánchez Román','32'
2457,'Trancoso','32'
2458,'Trinidad García de la Cadena','32'
2459,'Valparaíso','32'
2460,'Vetagrande','32'
2461,'Villa de Cos','32'
2462,'Villa García','32'
2463,'Villa González Ortega','32'
2464,'Villa Hidalgo','32'
2465,'Villanueva','32'
2466,'Zacatecas','32'
